{"Version":1,"ManifestType":"Publish","Endpoints":[{"Route":"assets/images/bkash-logo.lzl8gblzip.png","AssetFile":"assets/images/bkash-logo.png","Selectors":[],"ResponseHeaders":[{"Name":"Accept-Ranges","Value":"bytes"},{"Name":"Cache-Control","Value":"max-age=31536000, immutable"},{"Name":"Content-Length","Value":"7559"},{"Name":"Content-Type","Value":"image/png"},{"Name":"ETag","Value":"\"r7JF6u9zbB7RPbalFb6JP0BNfyNpcIx1eyDzWUEODog=\""},{"Name":"Last-Modified","Value":"Thu, 18 Sep 2025 00:47:34 GMT"}],"EndpointProperties":[{"Name":"fingerprint","Value":"lzl8gblzip"},{"Name":"integrity","Value":"sha256-r7JF6u9zbB7RPbalFb6JP0BNfyNpcIx1eyDzWUEODog="},{"Name":"label","Value":"assets/images/bkash-logo.png"}]},{"Route":"assets/images/bkash-logo.png","AssetFile":"assets/images/bkash-logo.png","Selectors":[],"ResponseHeaders":[{"Name":"Accept-Ranges","Value":"bytes"},{"Name":"Cache-Control","Value":"no-cache"},{"Name":"Content-Length","Value":"7559"},{"Name":"Content-Type","Value":"image/png"},{"Name":"ETag","Value":"\"r7JF6u9zbB7RPbalFb6JP0BNfyNpcIx1eyDzWUEODog=\""},{"Name":"Last-Modified","Value":"Thu, 18 Sep 2025 00:47:34 GMT"}],"EndpointProperties":[{"Name":"integrity","Value":"sha256-r7JF6u9zbB7RPbalFb6JP0BNfyNpcIx1eyDzWUEODog="}]},{"Route":"assets/images/card.curtbrh30p.png","AssetFile":"assets/images/card.png","Selectors":[],"ResponseHeaders":[{"Name":"Accept-Ranges","Value":"bytes"},{"Name":"Cache-Control","Value":"max-age=31536000, immutable"},{"Name":"Content-Length","Value":"30877"},{"Name":"Content-Type","Value":"image/png"},{"Name":"ETag","Value":"\"NDm9P9NS2vcz0kuo8OOZv1KYqgr9Fs4y9VmmvoNeVfo=\""},{"Name":"Last-Modified","Value":"Thu, 18 Sep 2025 00:38:28 GMT"}],"EndpointProperties":[{"Name":"fingerprint","Value":"curtbrh30p"},{"Name":"integrity","Value":"sha256-NDm9P9NS2vcz0kuo8OOZv1KYqgr9Fs4y9VmmvoNeVfo="},{"Name":"label","Value":"assets/images/card.png"}]},{"Route":"assets/images/card.png","AssetFile":"assets/images/card.png","Selectors":[],"ResponseHeaders":[{"Name":"Accept-Ranges","Value":"bytes"},{"Name":"Cache-Control","Value":"no-cache"},{"Name":"Content-Length","Value":"30877"},{"Name":"Content-Type","Value":"image/png"},{"Name":"ETag","Value":"\"NDm9P9NS2vcz0kuo8OOZv1KYqgr9Fs4y9VmmvoNeVfo=\""},{"Name":"Last-Modified","Value":"Thu, 18 Sep 2025 00:38:28 GMT"}],"EndpointProperties":[{"Name":"integrity","Value":"sha256-NDm9P9NS2vcz0kuo8OOZv1KYqgr9Fs4y9VmmvoNeVfo="}]},{"Route":"assets/images/cash.8yjn7pd0zi.png","AssetFile":"assets/images/cash.png","Selectors":[],"ResponseHeaders":[{"Name":"Accept-Ranges","Value":"bytes"},{"Name":"Cache-Control","Value":"max-age=31536000, immutable"},{"Name":"Content-Length","Value":"2286"},{"Name":"Content-Type","Value":"image/png"},{"Name":"ETag","Value":"\"QADTNmqcNtXLnoiSK0sOyswx2Lzl4zPFHfmCCFX9ELE=\""},{"Name":"Last-Modified","Value":"Thu, 18 Sep 2025 00:40:54 GMT"}],"EndpointProperties":[{"Name":"fingerprint","Value":"8yjn7pd0zi"},{"Name":"integrity","Value":"sha256-QADTNmqcNtXLnoiSK0sOyswx2Lzl4zPFHfmCCFX9ELE="},{"Name":"label","Value":"assets/images/cash.png"}]},{"Route":"assets/images/cash.png","AssetFile":"assets/images/cash.png","Selectors":[],"ResponseHeaders":[{"Name":"Accept-Ranges","Value":"bytes"},{"Name":"Cache-Control","Value":"no-cache"},{"Name":"Content-Length","Value":"2286"},{"Name":"Content-Type","Value":"image/png"},{"Name":"ETag","Value":"\"QADTNmqcNtXLnoiSK0sOyswx2Lzl4zPFHfmCCFX9ELE=\""},{"Name":"Last-Modified","Value":"Thu, 18 Sep 2025 00:40:54 GMT"}],"EndpointProperties":[{"Name":"integrity","Value":"sha256-QADTNmqcNtXLnoiSK0sOyswx2Lzl4zPFHfmCCFX9ELE="}]},{"Route":"assets/images/nagad-logo.png","AssetFile":"assets/images/nagad-logo.png","Selectors":[],"ResponseHeaders":[{"Name":"Accept-Ranges","Value":"bytes"},{"Name":"Cache-Control","Value":"no-cache"},{"Name":"Content-Length","Value":"29104"},{"Name":"Content-Type","Value":"image/png"},{"Name":"ETag","Value":"\"alxGo/z4hb4drz/KTKJw4TVO31vWLYsG8BQLGfU/Q30=\""},{"Name":"Last-Modified","Value":"Thu, 18 Sep 2025 00:43:37 GMT"}],"EndpointProperties":[{"Name":"integrity","Value":"sha256-alxGo/z4hb4drz/KTKJw4TVO31vWLYsG8BQLGfU/Q30="}]},{"Route":"assets/images/nagad-logo.qksrri14n8.png","AssetFile":"assets/images/nagad-logo.png","Selectors":[],"ResponseHeaders":[{"Name":"Accept-Ranges","Value":"bytes"},{"Name":"Cache-Control","Value":"max-age=31536000, immutable"},{"Name":"Content-Length","Value":"29104"},{"Name":"Content-Type","Value":"image/png"},{"Name":"ETag","Value":"\"alxGo/z4hb4drz/KTKJw4TVO31vWLYsG8BQLGfU/Q30=\""},{"Name":"Last-Modified","Value":"Thu, 18 Sep 2025 00:43:37 GMT"}],"EndpointProperties":[{"Name":"fingerprint","Value":"qksrri14n8"},{"Name":"integrity","Value":"sha256-alxGo/z4hb4drz/KTKJw4TVO31vWLYsG8BQLGfU/Q30="},{"Name":"label","Value":"assets/images/nagad-logo.png"}]},{"Route":"assets/images/rocket-logo.png","AssetFile":"assets/images/rocket-logo.png","Selectors":[],"ResponseHeaders":[{"Name":"Accept-Ranges","Value":"bytes"},{"Name":"Cache-Control","Value":"no-cache"},{"Name":"Content-Length","Value":"5124"},{"Name":"Content-Type","Value":"image/png"},{"Name":"ETag","Value":"\"au+EReqEWCBJR6deb59Vqsf0L50EgB1xn5ZKBEWG7js=\""},{"Name":"Last-Modified","Value":"Thu, 18 Sep 2025 00:44:00 GMT"}],"EndpointProperties":[{"Name":"integrity","Value":"sha256-au+EReqEWCBJR6deb59Vqsf0L50EgB1xn5ZKBEWG7js="}]},{"Route":"assets/images/rocket-logo.y20skvp8ox.png","AssetFile":"assets/images/rocket-logo.png","Selectors":[],"ResponseHeaders":[{"Name":"Accept-Ranges","Value":"bytes"},{"Name":"Cache-Control","Value":"max-age=31536000, immutable"},{"Name":"Content-Length","Value":"5124"},{"Name":"Content-Type","Value":"image/png"},{"Name":"ETag","Value":"\"au+EReqEWCBJR6deb59Vqsf0L50EgB1xn5ZKBEWG7js=\""},{"Name":"Last-Modified","Value":"Thu, 18 Sep 2025 00:44:00 GMT"}],"EndpointProperties":[{"Name":"fingerprint","Value":"y20skvp8ox"},{"Name":"integrity","Value":"sha256-au+EReqEWCBJR6deb59Vqsf0L50EgB1xn5ZKBEWG7js="},{"Name":"label","Value":"assets/images/rocket-logo.png"}]},{"Route":"favicon.ico","AssetFile":"favicon.ico.gz","Selectors":[{"Name":"Content-Encoding","Value":"gzip","Quality":"0.000237360551"}],"ResponseHeaders":[{"Name":"Accept-Ranges","Value":"bytes"},{"Name":"Cache-Control","Value":"no-cache"},{"Name":"Content-Encoding","Value":"gzip"},{"Name":"Content-Length","Value":"4212"},{"Name":"Content-Type","Value":"image/x-icon"},{"Name":"ETag","Value":"\"4JD5TBkaKkYJVw5DzZh1jKJdCSTQYxpre7fdXrSQ/P8=\""},{"Name":"ETag","Value":"W/\"+RAr6AKXwFKSB2B75Sd7T5C8qJ1lmI+hdxuRx4lOgV8=\""},{"Name":"Last-Modified","Value":"Sun, 21 Sep 2025 05:05:11 GMT"},{"Name":"Vary","Value":"Content-Encoding"}],"EndpointProperties":[{"Name":"integrity","Value":"sha256-+RAr6AKXwFKSB2B75Sd7T5C8qJ1lmI+hdxuRx4lOgV8="}]},{"Route":"favicon.ico","AssetFile":"favicon.ico.br","Selectors":[{"Name":"Content-Encoding","Value":"br","Quality":"0.000270489586"}],"ResponseHeaders":[{"Name":"Accept-Ranges","Value":"bytes"},{"Name":"Cache-Control","Value":"no-cache"},{"Name":"Content-Encoding","Value":"br"},{"Name":"Content-Length","Value":"3696"},{"Name":"Content-Type","Value":"image/x-icon"},{"Name":"ETag","Value":"\"DZvQlN6nTeKU0K8Ab7twyTbcOiDwAKYlMmsyGJ+ukfM=\""},{"Name":"ETag","Value":"W/\"+RAr6AKXwFKSB2B75Sd7T5C8qJ1lmI+hdxuRx4lOgV8=\""},{"Name":"Last-Modified","Value":"Sun, 21 Sep 2025 05:05:11 GMT"},{"Name":"Vary","Value":"Content-Encoding"}],"EndpointProperties":[{"Name":"integrity","Value":"sha256-+RAr6AKXwFKSB2B75Sd7T5C8qJ1lmI+hdxuRx4lOgV8="}]},{"Route":"favicon.ico","AssetFile":"favicon.ico","Selectors":[],"ResponseHeaders":[{"Name":"Accept-Ranges","Value":"bytes"},{"Name":"Cache-Control","Value":"no-cache"},{"Name":"Content-Length","Value":"15086"},{"Name":"Content-Type","Value":"image/x-icon"},{"Name":"ETag","Value":"\"+RAr6AKXwFKSB2B75Sd7T5C8qJ1lmI+hdxuRx4lOgV8=\""},{"Name":"Last-Modified","Value":"Tue, 16 Sep 2025 10:23:30 GMT"}],"EndpointProperties":[{"Name":"integrity","Value":"sha256-+RAr6AKXwFKSB2B75Sd7T5C8qJ1lmI+hdxuRx4lOgV8="}]},{"Route":"favicon.ico.br","AssetFile":"favicon.ico.br","Selectors":[],"ResponseHeaders":[{"Name":"Accept-Ranges","Value":"bytes"},{"Name":"Cache-Control","Value":"no-cache"},{"Name":"Content-Encoding","Value":"br"},{"Name":"Content-Length","Value":"3696"},{"Name":"Content-Type","Value":"image/x-icon"},{"Name":"ETag","Value":"\"DZvQlN6nTeKU0K8Ab7twyTbcOiDwAKYlMmsyGJ+ukfM=\""},{"Name":"Last-Modified","Value":"Sun, 21 Sep 2025 05:05:11 GMT"},{"Name":"Vary","Value":"Content-Encoding"}],"EndpointProperties":[{"Name":"integrity","Value":"sha256-DZvQlN6nTeKU0K8Ab7twyTbcOiDwAKYlMmsyGJ+ukfM="}]},{"Route":"favicon.ico.gz","AssetFile":"favicon.ico.gz","Selectors":[],"ResponseHeaders":[{"Name":"Accept-Ranges","Value":"bytes"},{"Name":"Cache-Control","Value":"no-cache"},{"Name":"Content-Encoding","Value":"gzip"},{"Name":"Content-Length","Value":"4212"},{"Name":"Content-Type","Value":"image/x-icon"},{"Name":"ETag","Value":"\"4JD5TBkaKkYJVw5DzZh1jKJdCSTQYxpre7fdXrSQ/P8=\""},{"Name":"Last-Modified","Value":"Sun, 21 Sep 2025 05:05:11 GMT"},{"Name":"Vary","Value":"Content-Encoding"}],"EndpointProperties":[{"Name":"integrity","Value":"sha256-4JD5TBkaKkYJVw5DzZh1jKJdCSTQYxpre7fdXrSQ/P8="}]},{"Route":"favicon.vagikyz9qx.ico","AssetFile":"favicon.ico.gz","Selectors":[{"Name":"Content-Encoding","Value":"gzip","Quality":"0.000237360551"}],"ResponseHeaders":[{"Name":"Accept-Ranges","Value":"bytes"},{"Name":"Cache-Control","Value":"max-age=31536000, immutable"},{"Name":"Content-Encoding","Value":"gzip"},{"Name":"Content-Length","Value":"4212"},{"Name":"Content-Type","Value":"image/x-icon"},{"Name":"ETag","Value":"\"4JD5TBkaKkYJVw5DzZh1jKJdCSTQYxpre7fdXrSQ/P8=\""},{"Name":"ETag","Value":"W/\"+RAr6AKXwFKSB2B75Sd7T5C8qJ1lmI+hdxuRx4lOgV8=\""},{"Name":"Last-Modified","Value":"Sun, 21 Sep 2025 05:05:11 GMT"},{"Name":"Vary","Value":"Content-Encoding"}],"EndpointProperties":[{"Name":"fingerprint","Value":"vagikyz9qx"},{"Name":"integrity","Value":"sha256-+RAr6AKXwFKSB2B75Sd7T5C8qJ1lmI+hdxuRx4lOgV8="},{"Name":"label","Value":"favicon.ico"}]},{"Route":"favicon.vagikyz9qx.ico","AssetFile":"favicon.ico.br","Selectors":[{"Name":"Content-Encoding","Value":"br","Quality":"0.000270489586"}],"ResponseHeaders":[{"Name":"Accept-Ranges","Value":"bytes"},{"Name":"Cache-Control","Value":"max-age=31536000, immutable"},{"Name":"Content-Encoding","Value":"br"},{"Name":"Content-Length","Value":"3696"},{"Name":"Content-Type","Value":"image/x-icon"},{"Name":"ETag","Value":"\"DZvQlN6nTeKU0K8Ab7twyTbcOiDwAKYlMmsyGJ+ukfM=\""},{"Name":"ETag","Value":"W/\"+RAr6AKXwFKSB2B75Sd7T5C8qJ1lmI+hdxuRx4lOgV8=\""},{"Name":"Last-Modified","Value":"Sun, 21 Sep 2025 05:05:11 GMT"},{"Name":"Vary","Value":"Content-Encoding"}],"EndpointProperties":[{"Name":"fingerprint","Value":"vagikyz9qx"},{"Name":"integrity","Value":"sha256-+RAr6AKXwFKSB2B75Sd7T5C8qJ1lmI+hdxuRx4lOgV8="},{"Name":"label","Value":"favicon.ico"}]},{"Route":"favicon.vagikyz9qx.ico","AssetFile":"favicon.ico","Selectors":[],"ResponseHeaders":[{"Name":"Accept-Ranges","Value":"bytes"},{"Name":"Cache-Control","Value":"max-age=31536000, immutable"},{"Name":"Content-Length","Value":"15086"},{"Name":"Content-Type","Value":"image/x-icon"},{"Name":"ETag","Value":"\"+RAr6AKXwFKSB2B75Sd7T5C8qJ1lmI+hdxuRx4lOgV8=\""},{"Name":"Last-Modified","Value":"Tue, 16 Sep 2025 10:23:30 GMT"}],"EndpointProperties":[{"Name":"fingerprint","Value":"vagikyz9qx"},{"Name":"integrity","Value":"sha256-+RAr6AKXwFKSB2B75Sd7T5C8qJ1lmI+hdxuRx4lOgV8="},{"Name":"label","Value":"favicon.ico"}]},{"Route":"favicon.vagikyz9qx.ico.br","AssetFile":"favicon.ico.br","Selectors":[],"ResponseHeaders":[{"Name":"Accept-Ranges","Value":"bytes"},{"Name":"Cache-Control","Value":"max-age=31536000, immutable"},{"Name":"Content-Encoding","Value":"br"},{"Name":"Content-Length","Value":"3696"},{"Name":"Content-Type","Value":"image/x-icon"},{"Name":"ETag","Value":"\"DZvQlN6nTeKU0K8Ab7twyTbcOiDwAKYlMmsyGJ+ukfM=\""},{"Name":"Last-Modified","Value":"Sun, 21 Sep 2025 05:05:11 GMT"},{"Name":"Vary","Value":"Content-Encoding"}],"EndpointProperties":[{"Name":"fingerprint","Value":"vagikyz9qx"},{"Name":"integrity","Value":"sha256-DZvQlN6nTeKU0K8Ab7twyTbcOiDwAKYlMmsyGJ+ukfM="},{"Name":"label","Value":"favicon.ico.br"}]},{"Route":"favicon.vagikyz9qx.ico.gz","AssetFile":"favicon.ico.gz","Selectors":[],"ResponseHeaders":[{"Name":"Accept-Ranges","Value":"bytes"},{"Name":"Cache-Control","Value":"max-age=31536000, immutable"},{"Name":"Content-Encoding","Value":"gzip"},{"Name":"Content-Length","Value":"4212"},{"Name":"Content-Type","Value":"image/x-icon"},{"Name":"ETag","Value":"\"4JD5TBkaKkYJVw5DzZh1jKJdCSTQYxpre7fdXrSQ/P8=\""},{"Name":"Last-Modified","Value":"Sun, 21 Sep 2025 05:05:11 GMT"},{"Name":"Vary","Value":"Content-Encoding"}],"EndpointProperties":[{"Name":"fingerprint","Value":"vagikyz9qx"},{"Name":"integrity","Value":"sha256-4JD5TBkaKkYJVw5DzZh1jKJdCSTQYxpre7fdXrSQ/P8="},{"Name":"label","Value":"favicon.ico.gz"}]},{"Route":"index.html","AssetFile":"index.html.gz","Selectors":[{"Name":"Content-Encoding","Value":"gzip","Quality":"0.000256081946"}],"ResponseHeaders":[{"Name":"Accept-Ranges","Value":"bytes"},{"Name":"Cache-Control","Value":"no-cache"},{"Name":"Content-Encoding","Value":"gzip"},{"Name":"Content-Length","Value":"3904"},{"Name":"Content-Type","Value":"text/html"},{"Name":"ETag","Value":"\"ppQmwBlG7azyQy1zhthnBX8cvZ2bv3yEjAm4TSoCeno=\""},{"Name":"ETag","Value":"W/\"P9iJNRX8GFaGPRXb9YS3mDf1W4s2riDl+g5c34VbBjM=\""},{"Name":"Last-Modified","Value":"Sun, 21 Sep 2025 05:05:11 GMT"},{"Name":"Vary","Value":"Content-Encoding"}],"EndpointProperties":[{"Name":"integrity","Value":"sha256-P9iJNRX8GFaGPRXb9YS3mDf1W4s2riDl+g5c34VbBjM="}]},{"Route":"index.html","AssetFile":"index.html.br","Selectors":[{"Name":"Content-Encoding","Value":"br","Quality":"0.000350754121"}],"ResponseHeaders":[{"Name":"Accept-Ranges","Value":"bytes"},{"Name":"Cache-Control","Value":"no-cache"},{"Name":"Content-Encoding","Value":"br"},{"Name":"Content-Length","Value":"2850"},{"Name":"Content-Type","Value":"text/html"},{"Name":"ETag","Value":"\"h8T0UrUOIKcFpMkx+h5PITdhwoIkmiC6zxLvb7GrtNk=\""},{"Name":"ETag","Value":"W/\"P9iJNRX8GFaGPRXb9YS3mDf1W4s2riDl+g5c34VbBjM=\""},{"Name":"Last-Modified","Value":"Sun, 21 Sep 2025 05:05:11 GMT"},{"Name":"Vary","Value":"Content-Encoding"}],"EndpointProperties":[{"Name":"integrity","Value":"sha256-P9iJNRX8GFaGPRXb9YS3mDf1W4s2riDl+g5c34VbBjM="}]},{"Route":"index.html","AssetFile":"index.html","Selectors":[],"ResponseHeaders":[{"Name":"Accept-Ranges","Value":"bytes"},{"Name":"Cache-Control","Value":"no-cache"},{"Name":"Content-Length","Value":"24671"},{"Name":"Content-Type","Value":"text/html"},{"Name":"ETag","Value":"\"P9iJNRX8GFaGPRXb9YS3mDf1W4s2riDl+g5c34VbBjM=\""},{"Name":"Last-Modified","Value":"Sun, 21 Sep 2025 04:59:41 GMT"}],"EndpointProperties":[{"Name":"integrity","Value":"sha256-P9iJNRX8GFaGPRXb9YS3mDf1W4s2riDl+g5c34VbBjM="}]},{"Route":"index.html.br","AssetFile":"index.html.br","Selectors":[],"ResponseHeaders":[{"Name":"Accept-Ranges","Value":"bytes"},{"Name":"Cache-Control","Value":"no-cache"},{"Name":"Content-Encoding","Value":"br"},{"Name":"Content-Length","Value":"2850"},{"Name":"Content-Type","Value":"text/html"},{"Name":"ETag","Value":"\"h8T0UrUOIKcFpMkx+h5PITdhwoIkmiC6zxLvb7GrtNk=\""},{"Name":"Last-Modified","Value":"Sun, 21 Sep 2025 05:05:11 GMT"},{"Name":"Vary","Value":"Content-Encoding"}],"EndpointProperties":[{"Name":"integrity","Value":"sha256-h8T0UrUOIKcFpMkx+h5PITdhwoIkmiC6zxLvb7GrtNk="}]},{"Route":"index.html.gz","AssetFile":"index.html.gz","Selectors":[],"ResponseHeaders":[{"Name":"Accept-Ranges","Value":"bytes"},{"Name":"Cache-Control","Value":"no-cache"},{"Name":"Content-Encoding","Value":"gzip"},{"Name":"Content-Length","Value":"3904"},{"Name":"Content-Type","Value":"text/html"},{"Name":"ETag","Value":"\"ppQmwBlG7azyQy1zhthnBX8cvZ2bv3yEjAm4TSoCeno=\""},{"Name":"Last-Modified","Value":"Sun, 21 Sep 2025 05:05:11 GMT"},{"Name":"Vary","Value":"Content-Encoding"}],"EndpointProperties":[{"Name":"integrity","Value":"sha256-ppQmwBlG7azyQy1zhthnBX8cvZ2bv3yEjAm4TSoCeno="}]},{"Route":"index.td5mzo08ko.html","AssetFile":"index.html.gz","Selectors":[{"Name":"Content-Encoding","Value":"gzip","Quality":"0.000256081946"}],"ResponseHeaders":[{"Name":"Accept-Ranges","Value":"bytes"},{"Name":"Cache-Control","Value":"max-age=31536000, immutable"},{"Name":"Content-Encoding","Value":"gzip"},{"Name":"Content-Length","Value":"3904"},{"Name":"Content-Type","Value":"text/html"},{"Name":"ETag","Value":"\"ppQmwBlG7azyQy1zhthnBX8cvZ2bv3yEjAm4TSoCeno=\""},{"Name":"ETag","Value":"W/\"P9iJNRX8GFaGPRXb9YS3mDf1W4s2riDl+g5c34VbBjM=\""},{"Name":"Last-Modified","Value":"Sun, 21 Sep 2025 05:05:11 GMT"},{"Name":"Vary","Value":"Content-Encoding"}],"EndpointProperties":[{"Name":"fingerprint","Value":"td5mzo08ko"},{"Name":"integrity","Value":"sha256-P9iJNRX8GFaGPRXb9YS3mDf1W4s2riDl+g5c34VbBjM="},{"Name":"label","Value":"index.html"}]},{"Route":"index.td5mzo08ko.html","AssetFile":"index.html.br","Selectors":[{"Name":"Content-Encoding","Value":"br","Quality":"0.000350754121"}],"ResponseHeaders":[{"Name":"Accept-Ranges","Value":"bytes"},{"Name":"Cache-Control","Value":"max-age=31536000, immutable"},{"Name":"Content-Encoding","Value":"br"},{"Name":"Content-Length","Value":"2850"},{"Name":"Content-Type","Value":"text/html"},{"Name":"ETag","Value":"\"h8T0UrUOIKcFpMkx+h5PITdhwoIkmiC6zxLvb7GrtNk=\""},{"Name":"ETag","Value":"W/\"P9iJNRX8GFaGPRXb9YS3mDf1W4s2riDl+g5c34VbBjM=\""},{"Name":"Last-Modified","Value":"Sun, 21 Sep 2025 05:05:11 GMT"},{"Name":"Vary","Value":"Content-Encoding"}],"EndpointProperties":[{"Name":"fingerprint","Value":"td5mzo08ko"},{"Name":"integrity","Value":"sha256-P9iJNRX8GFaGPRXb9YS3mDf1W4s2riDl+g5c34VbBjM="},{"Name":"label","Value":"index.html"}]},{"Route":"index.td5mzo08ko.html","AssetFile":"index.html","Selectors":[],"ResponseHeaders":[{"Name":"Accept-Ranges","Value":"bytes"},{"Name":"Cache-Control","Value":"max-age=31536000, immutable"},{"Name":"Content-Length","Value":"24671"},{"Name":"Content-Type","Value":"text/html"},{"Name":"ETag","Value":"\"P9iJNRX8GFaGPRXb9YS3mDf1W4s2riDl+g5c34VbBjM=\""},{"Name":"Last-Modified","Value":"Sun, 21 Sep 2025 04:59:41 GMT"}],"EndpointProperties":[{"Name":"fingerprint","Value":"td5mzo08ko"},{"Name":"integrity","Value":"sha256-P9iJNRX8GFaGPRXb9YS3mDf1W4s2riDl+g5c34VbBjM="},{"Name":"label","Value":"index.html"}]},{"Route":"index.td5mzo08ko.html.br","AssetFile":"index.html.br","Selectors":[],"ResponseHeaders":[{"Name":"Accept-Ranges","Value":"bytes"},{"Name":"Cache-Control","Value":"max-age=31536000, immutable"},{"Name":"Content-Encoding","Value":"br"},{"Name":"Content-Length","Value":"2850"},{"Name":"Content-Type","Value":"text/html"},{"Name":"ETag","Value":"\"h8T0UrUOIKcFpMkx+h5PITdhwoIkmiC6zxLvb7GrtNk=\""},{"Name":"Last-Modified","Value":"Sun, 21 Sep 2025 05:05:11 GMT"},{"Name":"Vary","Value":"Content-Encoding"}],"EndpointProperties":[{"Name":"fingerprint","Value":"td5mzo08ko"},{"Name":"integrity","Value":"sha256-h8T0UrUOIKcFpMkx+h5PITdhwoIkmiC6zxLvb7GrtNk="},{"Name":"label","Value":"index.html.br"}]},{"Route":"index.td5mzo08ko.html.gz","AssetFile":"index.html.gz","Selectors":[],"ResponseHeaders":[{"Name":"Accept-Ranges","Value":"bytes"},{"Name":"Cache-Control","Value":"max-age=31536000, immutable"},{"Name":"Content-Encoding","Value":"gzip"},{"Name":"Content-Length","Value":"3904"},{"Name":"Content-Type","Value":"text/html"},{"Name":"ETag","Value":"\"ppQmwBlG7azyQy1zhthnBX8cvZ2bv3yEjAm4TSoCeno=\""},{"Name":"Last-Modified","Value":"Sun, 21 Sep 2025 05:05:11 GMT"},{"Name":"Vary","Value":"Content-Encoding"}],"EndpointProperties":[{"Name":"fingerprint","Value":"td5mzo08ko"},{"Name":"integrity","Value":"sha256-ppQmwBlG7azyQy1zhthnBX8cvZ2bv3yEjAm4TSoCeno="},{"Name":"label","Value":"index.html.gz"}]},{"Route":"main-NEI7FTAH.js","AssetFile":"main-NEI7FTAH.js.gz","Selectors":[{"Name":"Content-Encoding","Value":"gzip","Quality":"0.000008267127"}],"ResponseHeaders":[{"Name":"Accept-Ranges","Value":"bytes"},{"Name":"Cache-Control","Value":"no-cache"},{"Name":"Content-Encoding","Value":"gzip"},{"Name":"Content-Length","Value":"120960"},{"Name":"Content-Type","Value":"text/javascript"},{"Name":"ETag","Value":"\"hEk+5OgjXHE4zNffX829c/tcy8YKIAfP6qF2QkJd32g=\""},{"Name":"ETag","Value":"W/\"7x1y38V01zkAA1VDlq0d1+NbTKnrrzjw6l1UpZ0cXZY=\""},{"Name":"Last-Modified","Value":"Sun, 21 Sep 2025 05:05:11 GMT"},{"Name":"Vary","Value":"Content-Encoding"}],"EndpointProperties":[{"Name":"integrity","Value":"sha256-7x1y38V01zkAA1VDlq0d1+NbTKnrrzjw6l1UpZ0cXZY="}]},{"Route":"main-NEI7FTAH.js","AssetFile":"main-NEI7FTAH.js.br","Selectors":[{"Name":"Content-Encoding","Value":"br","Quality":"0.000009542622"}],"ResponseHeaders":[{"Name":"Accept-Ranges","Value":"bytes"},{"Name":"Cache-Control","Value":"no-cache"},{"Name":"Content-Encoding","Value":"br"},{"Name":"Content-Length","Value":"104792"},{"Name":"Content-Type","Value":"text/javascript"},{"Name":"ETag","Value":"\"CIB4/hQGxP4iTeWIPitpgF/P8C21cpyWF6F3ZV4mBgE=\""},{"Name":"ETag","Value":"W/\"7x1y38V01zkAA1VDlq0d1+NbTKnrrzjw6l1UpZ0cXZY=\""},{"Name":"Last-Modified","Value":"Sun, 21 Sep 2025 05:05:11 GMT"},{"Name":"Vary","Value":"Content-Encoding"}],"EndpointProperties":[{"Name":"integrity","Value":"sha256-7x1y38V01zkAA1VDlq0d1+NbTKnrrzjw6l1UpZ0cXZY="}]},{"Route":"main-NEI7FTAH.js","AssetFile":"main-NEI7FTAH.js","Selectors":[],"ResponseHeaders":[{"Name":"Accept-Ranges","Value":"bytes"},{"Name":"Cache-Control","Value":"no-cache"},{"Name":"Content-Length","Value":"420368"},{"Name":"Content-Type","Value":"text/javascript"},{"Name":"ETag","Value":"\"7x1y38V01zkAA1VDlq0d1+NbTKnrrzjw6l1UpZ0cXZY=\""},{"Name":"Last-Modified","Value":"Sun, 21 Sep 2025 04:59:41 GMT"}],"EndpointProperties":[{"Name":"integrity","Value":"sha256-7x1y38V01zkAA1VDlq0d1+NbTKnrrzjw6l1UpZ0cXZY="}]},{"Route":"main-NEI7FTAH.js.br","AssetFile":"main-NEI7FTAH.js.br","Selectors":[],"ResponseHeaders":[{"Name":"Accept-Ranges","Value":"bytes"},{"Name":"Cache-Control","Value":"no-cache"},{"Name":"Content-Encoding","Value":"br"},{"Name":"Content-Length","Value":"104792"},{"Name":"Content-Type","Value":"text/javascript"},{"Name":"ETag","Value":"\"CIB4/hQGxP4iTeWIPitpgF/P8C21cpyWF6F3ZV4mBgE=\""},{"Name":"Last-Modified","Value":"Sun, 21 Sep 2025 05:05:11 GMT"},{"Name":"Vary","Value":"Content-Encoding"}],"EndpointProperties":[{"Name":"integrity","Value":"sha256-CIB4/hQGxP4iTeWIPitpgF/P8C21cpyWF6F3ZV4mBgE="}]},{"Route":"main-NEI7FTAH.js.gz","AssetFile":"main-NEI7FTAH.js.gz","Selectors":[],"ResponseHeaders":[{"Name":"Accept-Ranges","Value":"bytes"},{"Name":"Cache-Control","Value":"no-cache"},{"Name":"Content-Encoding","Value":"gzip"},{"Name":"Content-Length","Value":"120960"},{"Name":"Content-Type","Value":"text/javascript"},{"Name":"ETag","Value":"\"hEk+5OgjXHE4zNffX829c/tcy8YKIAfP6qF2QkJd32g=\""},{"Name":"Last-Modified","Value":"Sun, 21 Sep 2025 05:05:11 GMT"},{"Name":"Vary","Value":"Content-Encoding"}],"EndpointProperties":[{"Name":"integrity","Value":"sha256-hEk+5OgjXHE4zNffX829c/tcy8YKIAfP6qF2QkJd32g="}]},{"Route":"main-NEI7FTAH.zn9glpta3z.js","AssetFile":"main-NEI7FTAH.js.gz","Selectors":[{"Name":"Content-Encoding","Value":"gzip","Quality":"0.000008267127"}],"ResponseHeaders":[{"Name":"Accept-Ranges","Value":"bytes"},{"Name":"Cache-Control","Value":"max-age=31536000, immutable"},{"Name":"Content-Encoding","Value":"gzip"},{"Name":"Content-Length","Value":"120960"},{"Name":"Content-Type","Value":"text/javascript"},{"Name":"ETag","Value":"\"hEk+5OgjXHE4zNffX829c/tcy8YKIAfP6qF2QkJd32g=\""},{"Name":"ETag","Value":"W/\"7x1y38V01zkAA1VDlq0d1+NbTKnrrzjw6l1UpZ0cXZY=\""},{"Name":"Last-Modified","Value":"Sun, 21 Sep 2025 05:05:11 GMT"},{"Name":"Vary","Value":"Content-Encoding"}],"EndpointProperties":[{"Name":"fingerprint","Value":"zn9glpta3z"},{"Name":"integrity","Value":"sha256-7x1y38V01zkAA1VDlq0d1+NbTKnrrzjw6l1UpZ0cXZY="},{"Name":"label","Value":"main-NEI7FTAH.js"}]},{"Route":"main-NEI7FTAH.zn9glpta3z.js","AssetFile":"main-NEI7FTAH.js.br","Selectors":[{"Name":"Content-Encoding","Value":"br","Quality":"0.000009542622"}],"ResponseHeaders":[{"Name":"Accept-Ranges","Value":"bytes"},{"Name":"Cache-Control","Value":"max-age=31536000, immutable"},{"Name":"Content-Encoding","Value":"br"},{"Name":"Content-Length","Value":"104792"},{"Name":"Content-Type","Value":"text/javascript"},{"Name":"ETag","Value":"\"CIB4/hQGxP4iTeWIPitpgF/P8C21cpyWF6F3ZV4mBgE=\""},{"Name":"ETag","Value":"W/\"7x1y38V01zkAA1VDlq0d1+NbTKnrrzjw6l1UpZ0cXZY=\""},{"Name":"Last-Modified","Value":"Sun, 21 Sep 2025 05:05:11 GMT"},{"Name":"Vary","Value":"Content-Encoding"}],"EndpointProperties":[{"Name":"fingerprint","Value":"zn9glpta3z"},{"Name":"integrity","Value":"sha256-7x1y38V01zkAA1VDlq0d1+NbTKnrrzjw6l1UpZ0cXZY="},{"Name":"label","Value":"main-NEI7FTAH.js"}]},{"Route":"main-NEI7FTAH.zn9glpta3z.js","AssetFile":"main-NEI7FTAH.js","Selectors":[],"ResponseHeaders":[{"Name":"Accept-Ranges","Value":"bytes"},{"Name":"Cache-Control","Value":"max-age=31536000, immutable"},{"Name":"Content-Length","Value":"420368"},{"Name":"Content-Type","Value":"text/javascript"},{"Name":"ETag","Value":"\"7x1y38V01zkAA1VDlq0d1+NbTKnrrzjw6l1UpZ0cXZY=\""},{"Name":"Last-Modified","Value":"Sun, 21 Sep 2025 04:59:41 GMT"}],"EndpointProperties":[{"Name":"fingerprint","Value":"zn9glpta3z"},{"Name":"integrity","Value":"sha256-7x1y38V01zkAA1VDlq0d1+NbTKnrrzjw6l1UpZ0cXZY="},{"Name":"label","Value":"main-NEI7FTAH.js"}]},{"Route":"main-NEI7FTAH.zn9glpta3z.js.br","AssetFile":"main-NEI7FTAH.js.br","Selectors":[],"ResponseHeaders":[{"Name":"Accept-Ranges","Value":"bytes"},{"Name":"Cache-Control","Value":"max-age=31536000, immutable"},{"Name":"Content-Encoding","Value":"br"},{"Name":"Content-Length","Value":"104792"},{"Name":"Content-Type","Value":"text/javascript"},{"Name":"ETag","Value":"\"CIB4/hQGxP4iTeWIPitpgF/P8C21cpyWF6F3ZV4mBgE=\""},{"Name":"Last-Modified","Value":"Sun, 21 Sep 2025 05:05:11 GMT"},{"Name":"Vary","Value":"Content-Encoding"}],"EndpointProperties":[{"Name":"fingerprint","Value":"zn9glpta3z"},{"Name":"integrity","Value":"sha256-CIB4/hQGxP4iTeWIPitpgF/P8C21cpyWF6F3ZV4mBgE="},{"Name":"label","Value":"main-NEI7FTAH.js.br"}]},{"Route":"main-NEI7FTAH.zn9glpta3z.js.gz","AssetFile":"main-NEI7FTAH.js.gz","Selectors":[],"ResponseHeaders":[{"Name":"Accept-Ranges","Value":"bytes"},{"Name":"Cache-Control","Value":"max-age=31536000, immutable"},{"Name":"Content-Encoding","Value":"gzip"},{"Name":"Content-Length","Value":"120960"},{"Name":"Content-Type","Value":"text/javascript"},{"Name":"ETag","Value":"\"hEk+5OgjXHE4zNffX829c/tcy8YKIAfP6qF2QkJd32g=\""},{"Name":"Last-Modified","Value":"Sun, 21 Sep 2025 05:05:11 GMT"},{"Name":"Vary","Value":"Content-Encoding"}],"EndpointProperties":[{"Name":"fingerprint","Value":"zn9glpta3z"},{"Name":"integrity","Value":"sha256-hEk+5OgjXHE4zNffX829c/tcy8YKIAfP6qF2QkJd32g="},{"Name":"label","Value":"main-NEI7FTAH.js.gz"}]},{"Route":"polyfills-5CFQRCPP.1dks0wz7uz.js","AssetFile":"polyfills-5CFQRCPP.js.br","Selectors":[{"Name":"Content-Encoding","Value":"br","Quality":"0.000088222320"}],"ResponseHeaders":[{"Name":"Accept-Ranges","Value":"bytes"},{"Name":"Cache-Control","Value":"max-age=31536000, immutable"},{"Name":"Content-Encoding","Value":"br"},{"Name":"Content-Length","Value":"11334"},{"Name":"Content-Type","Value":"text/javascript"},{"Name":"ETag","Value":"\"WyKtPP2zZJ4Iu87N1gVbabRpvAyElvg7C3gltaPoOrk=\""},{"Name":"ETag","Value":"W/\"Fcb1hwe5sZEW/eOj9qDOnPg0J9ZKkelcuR/hBWw9phY=\""},{"Name":"Last-Modified","Value":"Sun, 21 Sep 2025 05:05:11 GMT"},{"Name":"Vary","Value":"Content-Encoding"}],"EndpointProperties":[{"Name":"fingerprint","Value":"1dks0wz7uz"},{"Name":"integrity","Value":"sha256-Fcb1hwe5sZEW/eOj9qDOnPg0J9ZKkelcuR/hBWw9phY="},{"Name":"label","Value":"polyfills-5CFQRCPP.js"}]},{"Route":"polyfills-5CFQRCPP.1dks0wz7uz.js","AssetFile":"polyfills-5CFQRCPP.js.gz","Selectors":[{"Name":"Content-Encoding","Value":"gzip","Quality":"0.000079586152"}],"ResponseHeaders":[{"Name":"Accept-Ranges","Value":"bytes"},{"Name":"Cache-Control","Value":"max-age=31536000, immutable"},{"Name":"Content-Encoding","Value":"gzip"},{"Name":"Content-Length","Value":"12564"},{"Name":"Content-Type","Value":"text/javascript"},{"Name":"ETag","Value":"\"pMkEg4MW6FxW6/zDfOX+do3N13+ydjQgWd7hILm1vkY=\""},{"Name":"ETag","Value":"W/\"Fcb1hwe5sZEW/eOj9qDOnPg0J9ZKkelcuR/hBWw9phY=\""},{"Name":"Last-Modified","Value":"Sun, 21 Sep 2025 05:05:11 GMT"},{"Name":"Vary","Value":"Content-Encoding"}],"EndpointProperties":[{"Name":"fingerprint","Value":"1dks0wz7uz"},{"Name":"integrity","Value":"sha256-Fcb1hwe5sZEW/eOj9qDOnPg0J9ZKkelcuR/hBWw9phY="},{"Name":"label","Value":"polyfills-5CFQRCPP.js"}]},{"Route":"polyfills-5CFQRCPP.1dks0wz7uz.js","AssetFile":"polyfills-5CFQRCPP.js","Selectors":[],"ResponseHeaders":[{"Name":"Accept-Ranges","Value":"bytes"},{"Name":"Cache-Control","Value":"max-age=31536000, immutable"},{"Name":"Content-Length","Value":"34585"},{"Name":"Content-Type","Value":"text/javascript"},{"Name":"ETag","Value":"\"Fcb1hwe5sZEW/eOj9qDOnPg0J9ZKkelcuR/hBWw9phY=\""},{"Name":"Last-Modified","Value":"Sun, 21 Sep 2025 04:59:41 GMT"}],"EndpointProperties":[{"Name":"fingerprint","Value":"1dks0wz7uz"},{"Name":"integrity","Value":"sha256-Fcb1hwe5sZEW/eOj9qDOnPg0J9ZKkelcuR/hBWw9phY="},{"Name":"label","Value":"polyfills-5CFQRCPP.js"}]},{"Route":"polyfills-5CFQRCPP.1dks0wz7uz.js.br","AssetFile":"polyfills-5CFQRCPP.js.br","Selectors":[],"ResponseHeaders":[{"Name":"Accept-Ranges","Value":"bytes"},{"Name":"Cache-Control","Value":"max-age=31536000, immutable"},{"Name":"Content-Encoding","Value":"br"},{"Name":"Content-Length","Value":"11334"},{"Name":"Content-Type","Value":"text/javascript"},{"Name":"ETag","Value":"\"WyKtPP2zZJ4Iu87N1gVbabRpvAyElvg7C3gltaPoOrk=\""},{"Name":"Last-Modified","Value":"Sun, 21 Sep 2025 05:05:11 GMT"},{"Name":"Vary","Value":"Content-Encoding"}],"EndpointProperties":[{"Name":"fingerprint","Value":"1dks0wz7uz"},{"Name":"integrity","Value":"sha256-WyKtPP2zZJ4Iu87N1gVbabRpvAyElvg7C3gltaPoOrk="},{"Name":"label","Value":"polyfills-5CFQRCPP.js.br"}]},{"Route":"polyfills-5CFQRCPP.1dks0wz7uz.js.gz","AssetFile":"polyfills-5CFQRCPP.js.gz","Selectors":[],"ResponseHeaders":[{"Name":"Accept-Ranges","Value":"bytes"},{"Name":"Cache-Control","Value":"max-age=31536000, immutable"},{"Name":"Content-Encoding","Value":"gzip"},{"Name":"Content-Length","Value":"12564"},{"Name":"Content-Type","Value":"text/javascript"},{"Name":"ETag","Value":"\"pMkEg4MW6FxW6/zDfOX+do3N13+ydjQgWd7hILm1vkY=\""},{"Name":"Last-Modified","Value":"Sun, 21 Sep 2025 05:05:11 GMT"},{"Name":"Vary","Value":"Content-Encoding"}],"EndpointProperties":[{"Name":"fingerprint","Value":"1dks0wz7uz"},{"Name":"integrity","Value":"sha256-pMkEg4MW6FxW6/zDfOX+do3N13+ydjQgWd7hILm1vkY="},{"Name":"label","Value":"polyfills-5CFQRCPP.js.gz"}]},{"Route":"polyfills-5CFQRCPP.js","AssetFile":"polyfills-5CFQRCPP.js.br","Selectors":[{"Name":"Content-Encoding","Value":"br","Quality":"0.000088222320"}],"ResponseHeaders":[{"Name":"Accept-Ranges","Value":"bytes"},{"Name":"Cache-Control","Value":"no-cache"},{"Name":"Content-Encoding","Value":"br"},{"Name":"Content-Length","Value":"11334"},{"Name":"Content-Type","Value":"text/javascript"},{"Name":"ETag","Value":"\"WyKtPP2zZJ4Iu87N1gVbabRpvAyElvg7C3gltaPoOrk=\""},{"Name":"ETag","Value":"W/\"Fcb1hwe5sZEW/eOj9qDOnPg0J9ZKkelcuR/hBWw9phY=\""},{"Name":"Last-Modified","Value":"Sun, 21 Sep 2025 05:05:11 GMT"},{"Name":"Vary","Value":"Content-Encoding"}],"EndpointProperties":[{"Name":"integrity","Value":"sha256-Fcb1hwe5sZEW/eOj9qDOnPg0J9ZKkelcuR/hBWw9phY="}]},{"Route":"polyfills-5CFQRCPP.js","AssetFile":"polyfills-5CFQRCPP.js.gz","Selectors":[{"Name":"Content-Encoding","Value":"gzip","Quality":"0.000079586152"}],"ResponseHeaders":[{"Name":"Accept-Ranges","Value":"bytes"},{"Name":"Cache-Control","Value":"no-cache"},{"Name":"Content-Encoding","Value":"gzip"},{"Name":"Content-Length","Value":"12564"},{"Name":"Content-Type","Value":"text/javascript"},{"Name":"ETag","Value":"\"pMkEg4MW6FxW6/zDfOX+do3N13+ydjQgWd7hILm1vkY=\""},{"Name":"ETag","Value":"W/\"Fcb1hwe5sZEW/eOj9qDOnPg0J9ZKkelcuR/hBWw9phY=\""},{"Name":"Last-Modified","Value":"Sun, 21 Sep 2025 05:05:11 GMT"},{"Name":"Vary","Value":"Content-Encoding"}],"EndpointProperties":[{"Name":"integrity","Value":"sha256-Fcb1hwe5sZEW/eOj9qDOnPg0J9ZKkelcuR/hBWw9phY="}]},{"Route":"polyfills-5CFQRCPP.js","AssetFile":"polyfills-5CFQRCPP.js","Selectors":[],"ResponseHeaders":[{"Name":"Accept-Ranges","Value":"bytes"},{"Name":"Cache-Control","Value":"no-cache"},{"Name":"Content-Length","Value":"34585"},{"Name":"Content-Type","Value":"text/javascript"},{"Name":"ETag","Value":"\"Fcb1hwe5sZEW/eOj9qDOnPg0J9ZKkelcuR/hBWw9phY=\""},{"Name":"Last-Modified","Value":"Sun, 21 Sep 2025 04:59:41 GMT"}],"EndpointProperties":[{"Name":"integrity","Value":"sha256-Fcb1hwe5sZEW/eOj9qDOnPg0J9ZKkelcuR/hBWw9phY="}]},{"Route":"polyfills-5CFQRCPP.js.br","AssetFile":"polyfills-5CFQRCPP.js.br","Selectors":[],"ResponseHeaders":[{"Name":"Accept-Ranges","Value":"bytes"},{"Name":"Cache-Control","Value":"no-cache"},{"Name":"Content-Encoding","Value":"br"},{"Name":"Content-Length","Value":"11334"},{"Name":"Content-Type","Value":"text/javascript"},{"Name":"ETag","Value":"\"WyKtPP2zZJ4Iu87N1gVbabRpvAyElvg7C3gltaPoOrk=\""},{"Name":"Last-Modified","Value":"Sun, 21 Sep 2025 05:05:11 GMT"},{"Name":"Vary","Value":"Content-Encoding"}],"EndpointProperties":[{"Name":"integrity","Value":"sha256-WyKtPP2zZJ4Iu87N1gVbabRpvAyElvg7C3gltaPoOrk="}]},{"Route":"polyfills-5CFQRCPP.js.gz","AssetFile":"polyfills-5CFQRCPP.js.gz","Selectors":[],"ResponseHeaders":[{"Name":"Accept-Ranges","Value":"bytes"},{"Name":"Cache-Control","Value":"no-cache"},{"Name":"Content-Encoding","Value":"gzip"},{"Name":"Content-Length","Value":"12564"},{"Name":"Content-Type","Value":"text/javascript"},{"Name":"ETag","Value":"\"pMkEg4MW6FxW6/zDfOX+do3N13+ydjQgWd7hILm1vkY=\""},{"Name":"Last-Modified","Value":"Sun, 21 Sep 2025 05:05:11 GMT"},{"Name":"Vary","Value":"Content-Encoding"}],"EndpointProperties":[{"Name":"integrity","Value":"sha256-pMkEg4MW6FxW6/zDfOX+do3N13+ydjQgWd7hILm1vkY="}]},{"Route":"styles-PRPNPSJX.css","AssetFile":"styles-PRPNPSJX.css.gz","Selectors":[{"Name":"Content-Encoding","Value":"gzip","Quality":"0.000632111252"}],"ResponseHeaders":[{"Name":"Accept-Ranges","Value":"bytes"},{"Name":"Cache-Control","Value":"no-cache"},{"Name":"Content-Encoding","Value":"gzip"},{"Name":"Content-Length","Value":"1581"},{"Name":"Content-Type","Value":"text/css"},{"Name":"ETag","Value":"\"AnOI6j/fYqyHJLnqvj7qeZAsi9bPsKL9PEQDh1gAfmY=\""},{"Name":"ETag","Value":"W/\"C8sQLetJvj1i3hT9Y289hBNk3y4aKWiBt5d38xfyQeg=\""},{"Name":"Last-Modified","Value":"Sun, 21 Sep 2025 05:05:11 GMT"},{"Name":"Vary","Value":"Content-Encoding"}],"EndpointProperties":[{"Name":"integrity","Value":"sha256-C8sQLetJvj1i3hT9Y289hBNk3y4aKWiBt5d38xfyQeg="}]},{"Route":"styles-PRPNPSJX.css","AssetFile":"styles-PRPNPSJX.css.br","Selectors":[{"Name":"Content-Encoding","Value":"br","Quality":"0.000753012048"}],"ResponseHeaders":[{"Name":"Accept-Ranges","Value":"bytes"},{"Name":"Cache-Control","Value":"no-cache"},{"Name":"Content-Encoding","Value":"br"},{"Name":"Content-Length","Value":"1327"},{"Name":"Content-Type","Value":"text/css"},{"Name":"ETag","Value":"\"LvNTHTowm9bPrv2bZ0zP+zGRxmhr1XJlKh374drotzA=\""},{"Name":"ETag","Value":"W/\"C8sQLetJvj1i3hT9Y289hBNk3y4aKWiBt5d38xfyQeg=\""},{"Name":"Last-Modified","Value":"Sun, 21 Sep 2025 05:05:11 GMT"},{"Name":"Vary","Value":"Content-Encoding"}],"EndpointProperties":[{"Name":"integrity","Value":"sha256-C8sQLetJvj1i3hT9Y289hBNk3y4aKWiBt5d38xfyQeg="}]},{"Route":"styles-PRPNPSJX.css","AssetFile":"styles-PRPNPSJX.css","Selectors":[],"ResponseHeaders":[{"Name":"Accept-Ranges","Value":"bytes"},{"Name":"Cache-Control","Value":"no-cache"},{"Name":"Content-Length","Value":"8100"},{"Name":"Content-Type","Value":"text/css"},{"Name":"ETag","Value":"\"C8sQLetJvj1i3hT9Y289hBNk3y4aKWiBt5d38xfyQeg=\""},{"Name":"Last-Modified","Value":"Sun, 21 Sep 2025 04:59:41 GMT"}],"EndpointProperties":[{"Name":"integrity","Value":"sha256-C8sQLetJvj1i3hT9Y289hBNk3y4aKWiBt5d38xfyQeg="}]},{"Route":"styles-PRPNPSJX.css.br","AssetFile":"styles-PRPNPSJX.css.br","Selectors":[],"ResponseHeaders":[{"Name":"Accept-Ranges","Value":"bytes"},{"Name":"Cache-Control","Value":"no-cache"},{"Name":"Content-Encoding","Value":"br"},{"Name":"Content-Length","Value":"1327"},{"Name":"Content-Type","Value":"text/css"},{"Name":"ETag","Value":"\"LvNTHTowm9bPrv2bZ0zP+zGRxmhr1XJlKh374drotzA=\""},{"Name":"Last-Modified","Value":"Sun, 21 Sep 2025 05:05:11 GMT"},{"Name":"Vary","Value":"Content-Encoding"}],"EndpointProperties":[{"Name":"integrity","Value":"sha256-LvNTHTowm9bPrv2bZ0zP+zGRxmhr1XJlKh374drotzA="}]},{"Route":"styles-PRPNPSJX.css.gz","AssetFile":"styles-PRPNPSJX.css.gz","Selectors":[],"ResponseHeaders":[{"Name":"Accept-Ranges","Value":"bytes"},{"Name":"Cache-Control","Value":"no-cache"},{"Name":"Content-Encoding","Value":"gzip"},{"Name":"Content-Length","Value":"1581"},{"Name":"Content-Type","Value":"text/css"},{"Name":"ETag","Value":"\"AnOI6j/fYqyHJLnqvj7qeZAsi9bPsKL9PEQDh1gAfmY=\""},{"Name":"Last-Modified","Value":"Sun, 21 Sep 2025 05:05:11 GMT"},{"Name":"Vary","Value":"Content-Encoding"}],"EndpointProperties":[{"Name":"integrity","Value":"sha256-AnOI6j/fYqyHJLnqvj7qeZAsi9bPsKL9PEQDh1gAfmY="}]},{"Route":"styles-PRPNPSJX.npbvapf962.css","AssetFile":"styles-PRPNPSJX.css.gz","Selectors":[{"Name":"Content-Encoding","Value":"gzip","Quality":"0.000632111252"}],"ResponseHeaders":[{"Name":"Accept-Ranges","Value":"bytes"},{"Name":"Cache-Control","Value":"max-age=31536000, immutable"},{"Name":"Content-Encoding","Value":"gzip"},{"Name":"Content-Length","Value":"1581"},{"Name":"Content-Type","Value":"text/css"},{"Name":"ETag","Value":"\"AnOI6j/fYqyHJLnqvj7qeZAsi9bPsKL9PEQDh1gAfmY=\""},{"Name":"ETag","Value":"W/\"C8sQLetJvj1i3hT9Y289hBNk3y4aKWiBt5d38xfyQeg=\""},{"Name":"Last-Modified","Value":"Sun, 21 Sep 2025 05:05:11 GMT"},{"Name":"Vary","Value":"Content-Encoding"}],"EndpointProperties":[{"Name":"fingerprint","Value":"npbvapf962"},{"Name":"integrity","Value":"sha256-C8sQLetJvj1i3hT9Y289hBNk3y4aKWiBt5d38xfyQeg="},{"Name":"label","Value":"styles-PRPNPSJX.css"}]},{"Route":"styles-PRPNPSJX.npbvapf962.css","AssetFile":"styles-PRPNPSJX.css.br","Selectors":[{"Name":"Content-Encoding","Value":"br","Quality":"0.000753012048"}],"ResponseHeaders":[{"Name":"Accept-Ranges","Value":"bytes"},{"Name":"Cache-Control","Value":"max-age=31536000, immutable"},{"Name":"Content-Encoding","Value":"br"},{"Name":"Content-Length","Value":"1327"},{"Name":"Content-Type","Value":"text/css"},{"Name":"ETag","Value":"\"LvNTHTowm9bPrv2bZ0zP+zGRxmhr1XJlKh374drotzA=\""},{"Name":"ETag","Value":"W/\"C8sQLetJvj1i3hT9Y289hBNk3y4aKWiBt5d38xfyQeg=\""},{"Name":"Last-Modified","Value":"Sun, 21 Sep 2025 05:05:11 GMT"},{"Name":"Vary","Value":"Content-Encoding"}],"EndpointProperties":[{"Name":"fingerprint","Value":"npbvapf962"},{"Name":"integrity","Value":"sha256-C8sQLetJvj1i3hT9Y289hBNk3y4aKWiBt5d38xfyQeg="},{"Name":"label","Value":"styles-PRPNPSJX.css"}]},{"Route":"styles-PRPNPSJX.npbvapf962.css","AssetFile":"styles-PRPNPSJX.css","Selectors":[],"ResponseHeaders":[{"Name":"Accept-Ranges","Value":"bytes"},{"Name":"Cache-Control","Value":"max-age=31536000, immutable"},{"Name":"Content-Length","Value":"8100"},{"Name":"Content-Type","Value":"text/css"},{"Name":"ETag","Value":"\"C8sQLetJvj1i3hT9Y289hBNk3y4aKWiBt5d38xfyQeg=\""},{"Name":"Last-Modified","Value":"Sun, 21 Sep 2025 04:59:41 GMT"}],"EndpointProperties":[{"Name":"fingerprint","Value":"npbvapf962"},{"Name":"integrity","Value":"sha256-C8sQLetJvj1i3hT9Y289hBNk3y4aKWiBt5d38xfyQeg="},{"Name":"label","Value":"styles-PRPNPSJX.css"}]},{"Route":"styles-PRPNPSJX.npbvapf962.css.br","AssetFile":"styles-PRPNPSJX.css.br","Selectors":[],"ResponseHeaders":[{"Name":"Accept-Ranges","Value":"bytes"},{"Name":"Cache-Control","Value":"max-age=31536000, immutable"},{"Name":"Content-Encoding","Value":"br"},{"Name":"Content-Length","Value":"1327"},{"Name":"Content-Type","Value":"text/css"},{"Name":"ETag","Value":"\"LvNTHTowm9bPrv2bZ0zP+zGRxmhr1XJlKh374drotzA=\""},{"Name":"Last-Modified","Value":"Sun, 21 Sep 2025 05:05:11 GMT"},{"Name":"Vary","Value":"Content-Encoding"}],"EndpointProperties":[{"Name":"fingerprint","Value":"npbvapf962"},{"Name":"integrity","Value":"sha256-LvNTHTowm9bPrv2bZ0zP+zGRxmhr1XJlKh374drotzA="},{"Name":"label","Value":"styles-PRPNPSJX.css.br"}]},{"Route":"styles-PRPNPSJX.npbvapf962.css.gz","AssetFile":"styles-PRPNPSJX.css.gz","Selectors":[],"ResponseHeaders":[{"Name":"Accept-Ranges","Value":"bytes"},{"Name":"Cache-Control","Value":"max-age=31536000, immutable"},{"Name":"Content-Encoding","Value":"gzip"},{"Name":"Content-Length","Value":"1581"},{"Name":"Content-Type","Value":"text/css"},{"Name":"ETag","Value":"\"AnOI6j/fYqyHJLnqvj7qeZAsi9bPsKL9PEQDh1gAfmY=\""},{"Name":"Last-Modified","Value":"Sun, 21 Sep 2025 05:05:11 GMT"},{"Name":"Vary","Value":"Content-Encoding"}],"EndpointProperties":[{"Name":"fingerprint","Value":"npbvapf962"},{"Name":"integrity","Value":"sha256-AnOI6j/fYqyHJLnqvj7qeZAsi9bPsKL9PEQDh1gAfmY="},{"Name":"label","Value":"styles-PRPNPSJX.css.gz"}]}]}